"ｺ-ﾄﾞ","中分類ｺ-ﾄﾞ","統合中分類(108部門)部門名","列ｺ-ﾄﾞ","基本分類列(397部門)部門名","和歌山県（百万円）","全国（百万円）","対全国比（％）"
"011_耕種農業","011","耕種農業","","","107649.0","6042979.0","1.7813896093301"
"011_耕種農業_0111-01_米","011","耕種農業","0111-01","米","8878.0","1935574.0","0.4586753076865054"
"011_耕種農業_0111-02_麦類","011","耕種農業","0111-02","麦類","0.0","39735.0","0.0"
"011_耕種農業_0112-01_いも類","011","耕種農業","0112-01","いも類","160.0","216534.0","0.07389139811761664"
"011_耕種農業_0112-02_豆類","011","耕種農業","0112-02","豆類","7.0","60647.0","0.011542203241710226"
"011_耕種農業_0113-01_野菜（露地）","011","耕種農業","0113-01","野菜（露地）","9714.0","1452367.0","0.6688392121275132"
"011_耕種農業_0113-02_野菜（施設）","011","耕種農業","0113-02","野菜（施設）","5605.0","681902.0","0.8219656196931524"
"011_耕種農業_0114-01_果実","011","耕種農業","0114-01","果実","73805.0","770317.0","9.581120499742314"
"011_耕種農業_0115-01_砂糖原料作物","011","耕種農業","0115-01","砂糖原料作物","0.0","60460.0","0.0"
"011_耕種農業_0115-02_飲料用作物","011","耕種農業","0115-02","飲料用作物","59.0","83704.0","0.07048647615406671"
"011_耕種農業_0115-09_その他の食用耕種作物","011","耕種農業","0115-09","その他の食用耕種作物","1.0","18869.0","0.005299697917218718"
"011_耕種農業_0116-01_飼料作物","011","耕種農業","0116-01","飼料作物","15.0","220869.0","0.0067913559621313995"
"011_耕種農業_0116-02_種苗","011","耕種農業","0116-02","種苗","3722.0","91589.0","4.063806789024882"
"011_耕種農業_0116-03_花き・花木類","011","耕種農業","0116-03","花き・花木類","5621.0","357297.0","1.573201006445618"
"011_耕種農業_0116-09_その他の非食用耕種作物","011","耕種農業","0116-09","その他の非食用耕種作物","62.0","53115.0","0.11672785465499388"
"012_畜産","012","畜産","","","5692.0","2931476.0","0.1941683984450154"
"012_畜産_0121-01_酪農","012","畜産","0121-01","酪農","547.0","835927.0","0.06543633594799546"
"012_畜産_0121-02_肉用牛","012","畜産","0121-02","肉用牛","710.0","724193.0","0.09804016332662703"
"012_畜産_0121-03_豚","012","畜産","0121-03","豚","182.0","540896.0","0.0336478731586109"
"012_畜産_0121-04_鶏卵","012","畜産","0121-04","鶏卵","1664.0","474165.0","0.3509326922062995"
"012_畜産_0121-05_肉鶏","012","畜産","0121-05","肉鶏","2140.0","301389.0","0.7100458211812641"
"012_畜産_0121-09_その他の畜産","012","畜産","0121-09","その他の畜産","449.0","54906.0","0.8177612647069538"
"013_農業サ－ビス","013","農業サ－ビス","","","5547.0","851259.0","0.6516230665402656"
"013_農業サ－ビス_0131-01_獣医業","013","農業サ－ビス","0131-01","獣医業","1777.0","385206.0","0.46131160989185005"
"013_農業サ－ビス_0131-02_農業サービス（獣医業を除く。）","013","農業サ－ビス","0131-02","農業サービス（獣医業を除く。）","3770.0","466053.0","0.808920873806198"
"015_林業","015","林業","","","7222.0","775746.0","0.9309748293900324"
"015_林業_0151-01_育林","015","林業","0151-01","育林","3086.0","338649.0","0.9112680090595278"
"015_林業_0152-01_素材","015","林業","0152-01","素材","2189.0","219727.0","0.9962362386051783"
"015_林業_0153-01_特用林産物（狩猟業を含む。）","015","林業","0153-01","特用林産物（狩猟業を含む。）","1947.0","217370.0","0.8957077793623776"
"017_漁業","017","漁業","","","14472.0","1434502.0","1.0088518524198642"
"017_漁業_0171-01_海面漁業","017","漁業","0171-01","海面漁業","9579.0","939952.0","1.0190945920642756"
"017_漁業_0171-02_海面養殖業","017","漁業","0171-02","海面養殖業","3331.0","396598.0","0.8398932924523069"
"017_漁業_0172-01_内水面漁業","017","漁業","0172-01","内水面漁業","14.0","20246.0","0.0691494616220488"
"017_漁業_0172-02_内水面養殖業","017","漁業","0172-02","内水面養殖業","1548.0","77706.0","1.992124160296502"
"061_金属鉱物","061","金属鉱物","","","0.0","31219.0","0.0"
"061_金属鉱物_0611-01_金属鉱物","061","金属鉱物","0611-01","金属鉱物","0.0","31219.0","0.0"
"062_石炭・原油・天然ガス","062","石炭・原油・天然ガス","","","0.0","195889.0","0.0"
"062_石炭・原油・天然ガス_0621-01_石炭・原油・天然ガス","062","石炭・原油・天然ガス","0621-01","石炭・原油・天然ガス","0.0","195889.0","0.0"
"063_非金属鉱物","063","非金属鉱物","","","2345.0","532872.0","0.4400681589574983"
"063_非金属鉱物_0631-01_砂利・採石","063","非金属鉱物","0631-01","砂利・採石","660.0","168089.0","0.39264913230490983"
"063_非金属鉱物_0631-02_砕石","063","非金属鉱物","0631-02","砕石","1685.0","253474.0","0.6647624608441103"
"063_非金属鉱物_0639-09_その他の鉱物","063","非金属鉱物","0639-09","その他の鉱物","0.0","111309.0","0.0"
"111_食料品","111","食料品","","","137538.0","2.5620219E7","0.5368338186336346"
"111_食料品_1111-01_食肉","111","食料品","1111-01","食肉","4307.0","1842793.0","0.23372131324570908"
"111_食料品_1112-01_肉加工品","111","食料品","1112-01","肉加工品","1458.0","837709.0","0.1740461186402438"
"111_食料品_1112-02_畜産びん・かん詰","111","食料品","1112-02","畜産びん・かん詰","0.0","48304.0","0.0"
"111_食料品_1112-03_酪農品","111","食料品","1112-03","酪農品","428.0","1961162.0","0.021823796300356624"
"111_食料品_1113-01_冷凍魚介類","111","食料品","1113-01","冷凍魚介類","2135.0","1020583.0","0.2091941566731956"
"111_食料品_1113-02_塩・干・くん製品","111","食料品","1113-02","塩・干・くん製品","7188.0","448964.0","1.6010192353952655"
"111_食料品_1113-03_水産びん・かん詰","111","食料品","1113-03","水産びん・かん詰","17.0","116667.0","0.01457138693889446"
"111_食料品_1113-04_ねり製品","111","食料品","1113-04","ねり製品","1661.0","375834.0","0.44195043556463753"
"111_食料品_1113-09_その他の水産食品","111","食料品","1113-09","その他の水産食品","6355.0","795756.0","0.7986116347222013"
"111_食料品_1114-01_精穀","111","食料品","1114-01","精穀","18579.0","2222851.0","0.8358185051539667"
"111_食料品_1114-02_製粉","111","食料品","1114-02","製粉","2.0","605166.0","3.304878330904248E-4"
"111_食料品_1115-01_めん類","111","食料品","1115-01","めん類","2040.0","919468.0","0.22186742768644474"
"111_食料品_1115-02_パン類","111","食料品","1115-02","パン類","2324.0","1507222.0","0.1541909552806421"
"111_食料品_1115-03_菓子類","111","食料品","1115-03","菓子類","9470.0","3001221.0","0.31553824260192764"
"111_食料品_1116-01_農産びん・かん詰","111","食料品","1116-01","農産びん・かん詰","3455.0","208738.0","1.6551849687167646"
"111_食料品_1116-02_農産保存食料品（びん・かん詰を除く。）","111","食料品","1116-02","農産保存食料品（びん・かん詰を除く。）","41765.0","608148.0","6.867571709518078"
"111_食料品_1117-01_砂糖","111","食料品","1117-01","砂糖","0.0","397204.0","0.0"
"111_食料品_1117-02_でん粉","111","食料品","1117-02","でん粉","0.0","199789.0","0.0"
"111_食料品_1117-03_ぶどう糖・水あめ・異性化糖","111","食料品","1117-03","ぶどう糖・水あめ・異性化糖","82.0","174179.0","0.04707800595938661"
"111_食料品_1117-04_動植物油脂","111","食料品","1117-04","動植物油脂","1188.0","634672.0","0.18718330098066405"
"111_食料品_1117-05_調味料","111","食料品","1117-05","調味料","3991.0","1672525.0","0.23862124631918807"
"111_食料品_1119-01_冷凍調理食品","111","食料品","1119-01","冷凍調理食品","2027.0","522120.0","0.38822492913506473"
"111_食料品_1119-02_レトルト食品","111","食料品","1119-02","レトルト食品","1736.0","215893.0","0.8041020320251236"
"111_食料品_1119-03_そう菜・すし・弁当","111","食料品","1119-03","そう菜・すし・弁当","10979.0","2135915.0","0.5140185822001344"
"111_食料品_1119-04_学校給食（国公立）★★","111","食料品","1119-04","学校給食（国公立）★★","4299.0","657057.0","0.6542811354266068"
"111_食料品_1119-05_学校給食（私立）★","111","食料品","1119-05","学校給食（私立）★","0.0","6196.0","0.0"
"111_食料品_1119-09_その他の食料品","111","食料品","1119-09","その他の食料品","12052.0","2484083.0","0.4851689738225333"
"112_飲料","112","飲料","","","55416.0","6699096.0","0.8272160900515533"
"112_飲料_1121-01_清酒","112","飲料","1121-01","清酒","1298.0","353151.0","0.3675481592859711"
"112_飲料_1121-02_ビール類","112","飲料","1121-02","ビール類","44.0","1422759.0","0.0030925827916041997"
"112_飲料_1121-03_ウイスキー類","112","飲料","1121-03","ウイスキー類","0.0","70148.0","0.0"
"112_飲料_1121-09_その他の酒類","112","飲料","1121-09","その他の酒類","2616.0","1328967.0","0.1968446169092235"
"112_飲料_1129-01_茶・コーヒー","112","飲料","1129-01","茶・コーヒー","122.0","895350.0","0.013625956329926843"
"112_飲料_1129-02_清涼飲料","112","飲料","1129-02","清涼飲料","50941.0","2583025.0","1.9721450624751988"
"112_飲料_1129-03_製氷","112","飲料","1129-03","製氷","395.0","45696.0","0.8644082633053222"
"113_飼料・有機質肥料（別掲を除く。）","112","飲料","","","1396.0","1123846.0","0.12421630721646916"
"113_飼料・有機質肥料（別掲を除く。）_1131-01_飼料","113","飼料・有機質肥料（別掲を除く。）","1131-01","飼料","1122.0","1058705.0","0.10597853037437245"
"113_飼料・有機質肥料（別掲を除く。）_1131-02_有機質肥料（別掲を除く。）","113","飼料・有機質肥料（別掲を除く。）","1131-02","有機質肥料（別掲を除く。）","274.0","65141.0","0.4206260266191799"
"114_たばこ","114","たばこ","","","0.0","2097749.0","0.0"
"114_たばこ_1141-01_たばこ","114","たばこ","1141-01","たばこ","0.0","2097749.0","0.0"
"151_繊維工業製品","151","繊維工業製品","","","38645.0","1325093.0","2.916399075385652"
"151_繊維工業製品_1511-01_紡績糸","151","繊維工業製品","1511-01","紡績糸","1292.0","131083.0","0.9856350556517627"
"151_繊維工業製品_1512-01_綿・スフ織物（合繊短繊維織物を含む。）","151","繊維工業製品","1512-01","綿・スフ織物（合繊短繊維織物を含む。）","3359.0","114128.0","2.9431865975045564"
"151_繊維工業製品_1512-02_絹・人絹織物（合繊長繊維織物を含む。）","151","繊維工業製品","1512-02","絹・人絹織物（合繊長繊維織物を含む。）","128.0","129761.0","0.09864288962014782"
"151_繊維工業製品_1512-09_その他の織物","151","繊維工業製品","1512-09","その他の織物","1909.0","166835.0","1.144244313243624"
"151_繊維工業製品_1513-01_ニット生地","151","繊維工業製品","1513-01","ニット生地","17695.0","86170.0","20.534988975281422"
"151_繊維工業製品_1514-01_染色整理","151","繊維工業製品","1514-01","染色整理","10470.0","306534.0","3.415608056528803"
"151_繊維工業製品_1519-09_その他の繊維工業製品","151","繊維工業製品","1519-09","その他の繊維工業製品","3792.0","390582.0","0.9708588721446457"
"152_衣服・その他の繊維既製品","152","衣服・その他の繊維既製品","","","22736.0","2029049.0","1.120524935573266"
"152_衣服・その他の繊維既製品_1521-01_織物製衣服","152","衣服・その他の繊維既製品","1521-01","織物製衣服","3787.0","791073.0","0.47871688200709667"
"152_衣服・その他の繊維既製品_1521-02_ニット製衣服","152","衣服・その他の繊維既製品","1521-02","ニット製衣服","4262.0","364877.0","1.1680648547318686"
"152_衣服・その他の繊維既製品_1522-09_その他の衣服・身の回り品","152","衣服・その他の繊維既製品","1522-09","その他の衣服・身の回り品","2868.0","168990.0","1.6971418427125864"
"152_衣服・その他の繊維既製品_1529-01_寝具","152","衣服・その他の繊維既製品","1529-01","寝具","763.0","107574.0","0.7092791938572518"
"152_衣服・その他の繊維既製品_1529-02_じゅうたん・床敷物","152","衣服・その他の繊維既製品","1529-02","じゅうたん・床敷物","6103.0","129049.0","4.729211384822819"
"152_衣服・その他の繊維既製品_1529-09_その他の繊維既製品","152","衣服・その他の繊維既製品","1529-09","その他の繊維既製品","4953.0","467486.0","1.0594969688931861"
"161_木材・木製品","161","木材・木製品","","","27863.0","1920410.0","1.4508880916054383"
"161_木材・木製品_1611-01_製材","161","木材・木製品","1611-01","製材","8967.0","499990.0","1.7934358687173741"
"161_木材・木製品_1611-02_合板・集成材","161","木材・木製品","1611-02","合板・集成材","4974.0","500716.0","0.9933774834437087"
"161_木材・木製品_1611-03_木材チップ","161","木材・木製品","1611-03","木材チップ","230.0","75602.0","0.3042247559588371"
"161_木材・木製品_1619-09_その他の木製品","161","木材・木製品","1619-09","その他の木製品","13692.0","844102.0","1.6220788482908464"
"162_家具・装備品","162","家具・装備品","","","16436.0","1733822.0","0.9479635164394038"
"162_家具・装備品_1621-01_木製家具","162","家具・装備品","1621-01","木製家具","4711.0","728919.0","0.6462995202484776"
"162_家具・装備品_1621-02_金属製家具","162","家具・装備品","1621-02","金属製家具","1937.0","425032.0","0.4557303920645975"
"162_家具・装備品_1621-03_木製建具","162","家具・装備品","1621-03","木製建具","9042.0","261228.0","3.461344113188479"
"162_家具・装備品_1621-09_その他の家具・装備品","162","家具・装備品","1621-09","その他の家具・装備品","746.0","318643.0","0.23411780582030675"
"163_パルプ・紙・板紙・加工紙","163","パルプ・紙・板紙・加工紙","","","9365.0","4305236.0","0.21752582204552784"
"163_パルプ・紙・板紙・加工紙_1631-01_パルプ","163","パルプ・紙・板紙・加工紙","1631-01","パルプ","0.0","524845.0","0.0"
"163_パルプ・紙・板紙・加工紙_1632-01_洋紙・和紙","163","パルプ・紙・板紙・加工紙","1632-01","洋紙・和紙","245.0","1940895.0","0.012623042462369165"
"163_パルプ・紙・板紙・加工紙_1632-02_板紙","163","パルプ・紙・板紙・加工紙","1632-02","板紙","0.0","739645.0","0.0"
"163_パルプ・紙・板紙・加工紙_1633-01_段ボール","163","パルプ・紙・板紙・加工紙","1633-01","段ボール","8311.0","715757.0","1.1611482668000452"
"163_パルプ・紙・板紙・加工紙_1633-02_塗工紙・建設用加工紙","163","パルプ・紙・板紙・加工紙","1633-02","塗工紙・建設用加工紙","809.0","384094.0","0.21062552396028056"
"164_紙加工品","164","紙加工品","","","18305.0","3109001.0","0.5887743361935233"
"164_紙加工品_1641-01_段ボール箱","164","紙加工品","1641-01","段ボール箱","13380.0","1199712.0","1.1152676642394175"
"164_紙加工品_1641-09_その他の紙製容器","164","紙加工品","1641-09","その他の紙製容器","2391.0","623286.0","0.38361201759705815"
"164_紙加工品_1649-01_紙製衛生材料・用品","164","紙加工品","1649-01","紙製衛生材料・用品","1704.0","539584.0","0.31579883762305777"
"164_紙加工品_1649-09_その他のパルプ・紙・紙加工品","164","紙加工品","1649-09","その他のパルプ・紙・紙加工品","830.0","746419.0","0.11119759813188035"
"191_印刷・製版・製本","191","印刷・製版・製本","","","11085.0","5113381.0","0.21678415905249382"
"191_印刷・製版・製本_1911-01_印刷・製版・製本","191","印刷・製版・製本","1911-01","印刷・製版・製本","11085.0","5113381.0","0.21678415905249382"
"201_化学肥料","201","化学肥料","","","853.0","361972.0","0.23565358646525145"
"201_化学肥料_2011-01_化学肥料","201","化学肥料","2011-01","化学肥料","853.0","361972.0","0.23565358646525145"
"202_無機化学工業製品","202","無機化学工業製品","","","24802.0","2018458.0","1.2287597760270463"
"202_無機化学工業製品_2021-01_ソーダ工業製品","202","無機化学工業製品","2021-01","ソーダ工業製品","5190.0","441824.0","1.1746758890417903"
"202_無機化学工業製品_2029-01_無機顔料","202","無機化学工業製品","2029-01","無機顔料","50.0","270025.0","0.018516803999629666"
"202_無機化学工業製品_2029-02_圧縮ガス・液化ガス","202","無機化学工業製品","2029-02","圧縮ガス・液化ガス","9810.0","319625.0","3.0692217442315215"
"202_無機化学工業製品_2029-03_塩","202","無機化学工業製品","2029-03","塩","640.0","42663.0","1.500128917328833"
"202_無機化学工業製品_2029-09_その他の無機化学工業製品","202","無機化学工業製品","2029-09","その他の無機化学工業製品","9112.0","944321.0","0.9649261215201188"
"203_石油化学基礎製品","203","石油化学基礎製品","","","84980.0","3256542.0","2.6095164748374198"
"203_石油化学基礎製品_2031-01_石油化学基礎製品","203","石油化学基礎製品","2031-01","石油化学基礎製品","0.0","1962693.0","0.0"
"203_石油化学基礎製品_2031-02_石油化学系芳香族製品","203","石油化学基礎製品","2031-02","石油化学系芳香族製品","84980.0","1293849.0","6.56799982069005"
"204_有機化学製品（石油化学基礎製品を除く。）","204","有機化学製品（石油化学基礎製品を除く。）","","","71437.0","5267735.0","1.3561236470703253"
"204_有機化学製品（石油化学基礎製品を除く。）_2041-01_脂肪族中間物","204","有機化学製品（石油化学基礎製品を除く。）","2041-01","脂肪族中間物","8699.0","2031768.0","0.4281492768859437"
"204_有機化学製品（石油化学基礎製品を除く。）_2041-02_環式中間物","204","有機化学製品（石油化学基礎製品を除く。）","2041-02","環式中間物","33020.0","1322770.0","2.4962767525722533"
"204_有機化学製品（石油化学基礎製品を除く。）_2041-03_合成染料・有機顔料","204","有機化学製品（石油化学基礎製品を除く。）","2041-03","合成染料・有機顔料","9474.0","82374.0","11.50120183553063"
"204_有機化学製品（石油化学基礎製品を除く。）_2042-01_合成ゴム","204","有機化学製品（石油化学基礎製品を除く。）","2042-01","合成ゴム","0.0","562579.0","0.0"
"204_有機化学製品（石油化学基礎製品を除く。）_2049-01_メタン誘導品","204","有機化学製品（石油化学基礎製品を除く。）","2049-01","メタン誘導品","838.0","115506.0","0.7255034370508892"
"204_有機化学製品（石油化学基礎製品を除く。）_2049-02_可塑剤","204","有機化学製品（石油化学基礎製品を除く。）","2049-02","可塑剤","0.0","81945.0","0.0"
"204_有機化学製品（石油化学基礎製品を除く。）_2049-09_その他の有機化学工業製品","204","有機化学製品（石油化学基礎製品を除く。）","2049-09","その他の有機化学工業製品","19406.0","1070793.0","1.8123017240493726"
"205_合成樹脂","205","合成樹脂","","","4185.0","2608163.0","0.1604577628008679"
"205_合成樹脂_2051-01_熱硬化性樹脂","205","合成樹脂","2051-01","熱硬化性樹脂","1404.0","418250.0","0.33568439928272564"
"205_合成樹脂_2051-02_熱可塑性樹脂","205","合成樹脂","2051-02","熱可塑性樹脂","0.0","1350647.0","0.0"
"205_合成樹脂_2051-03_高機能性樹脂","205","合成樹脂","2051-03","高機能性樹脂","1072.0","449169.0","0.23866295314235844"
"205_合成樹脂_2051-09_その他の合成樹脂","205","合成樹脂","2051-09","その他の合成樹脂","1709.0","390097.0","0.4380961658254229"
"206_化学繊維","206","化学繊維","","","31.0","442864.0","0.006999891614581451"
"206_化学繊維_2061-01_レーヨン・アセテート","206","化学繊維","2061-01","レーヨン・アセテート","0.0","80096.0","0.0"
"206_化学繊維_2061-02_合成繊維","206","化学繊維","2061-02","合成繊維","31.0","362768.0","0.008545406430556167"
"207_医薬品","207","医薬品","","","9541.0","7271359.0","0.13121343616784703"
"207_医薬品_2071-01_医薬品","207","医薬品","2071-01","医薬品","9541.0","7271359.0","0.13121343616784703"
"208_化学最終製品（医薬品を除く。）","208","化学最終製品（医薬品を除く。）","","","236109.0","6406821.0","3.685275427548233"
"208_化学最終製品（医薬品を除く。）_2081-01_油脂加工製品・石けん・合成洗剤・界面活性剤","208","化学最終製品（医薬品を除く。）","2081-01","油脂加工製品・石けん・合成洗剤・界面活性剤","134369.0","853067.0","15.751283310689548"
"208_化学最終製品（医薬品を除く。）_2081-02_化粧品・歯磨","208","化学最終製品（医薬品を除く。）","2081-02","化粧品・歯磨","35441.0","1438189.0","2.4642797295765715"
"208_化学最終製品（医薬品を除く。）_2082-01_塗料","208","化学最終製品（医薬品を除く。）","2082-01","塗料","3185.0","937707.0","0.33965833677257395"
"208_化学最終製品（医薬品を除く。）_2082-02_印刷インキ","208","化学最終製品（医薬品を除く。）","2082-02","印刷インキ","1297.0","305779.0","0.42416254876888215"
"208_化学最終製品（医薬品を除く。）_2083-01_写真感光材料","208","化学最終製品（医薬品を除く。）","2083-01","写真感光材料","15.0","393733.0","0.003809688291304006"
"208_化学最終製品（医薬品を除く。）_2084-01_農薬","208","化学最終製品（医薬品を除く。）","2084-01","農薬","8128.0","383160.0","2.1213070257855726"
"208_化学最終製品（医薬品を除く。）_2089-01_ゼラチン・接着剤","208","化学最終製品（医薬品を除く。）","2089-01","ゼラチン・接着剤","143.0","243846.0","0.058643570122126266"
"208_化学最終製品（医薬品を除く。）_2089-09_その他の化学最終製品","208","化学最終製品（医薬品を除く。）","2089-09","その他の化学最終製品","53531.0","1851340.0","2.891473203193363"
"211_石油製品","211","石油製品","","","721596.0","1.7781919E7","4.058032206760136"
"211_石油製品_2111-01_石油製品","211","石油製品","2111-01","石油製品","721596.0","1.7781919E7","4.058032206760136"
"212_石炭製品","212","石炭製品","","","74957.0","2075288.0","3.6118842300442155"
"212_石炭製品_2121-01_石炭製品","212","石炭製品","2121-01","石炭製品","72757.0","1627511.0","4.47044597548035"
"212_石炭製品_2121-02_舗装材料","212","石炭製品","2121-02","舗装材料","2200.0","447777.0","0.49131598987889064"
"221_プラスチック製品","221","プラスチック製品","","","39921.0","9983900.0","0.3998537645609431"
"221_プラスチック製品_2211-01_プラスチック製品","221","プラスチック製品","2211-01","プラスチック製品","39921.0","9983900.0","0.3998537645609431"
"222_ゴム製品","222","ゴム製品","","","11591.0","2922231.0","0.39664899865890135"
"222_ゴム製品_2221-01_タイヤ・チューブ","222","ゴム製品","2221-01","タイヤ・チューブ","380.0","1292315.0","0.02940459562877472"
"222_ゴム製品_2229-01_ゴム製・プラスチック製履物","222","ゴム製品","2229-01","ゴム製・プラスチック製履物","8.0","61563.0","0.012994818316196418"
"222_ゴム製品_2229-09_その他のゴム製品","222","ゴム製品","2229-09","その他のゴム製品","11203.0","1568353.0","0.7143162285531383"
"231_なめし革・毛皮・同製品","231","なめし革・毛皮・同製品","","","991.0","332528.0","0.2980200163595246"
"231_なめし革・毛皮・同製品_2311-01_革製履物","231","なめし革・毛皮・同製品","2311-01","革製履物","92.0","128705.0","0.0714812944330057"
"231_なめし革・毛皮・同製品_2312-01_製革・毛皮","231","なめし革・毛皮・同製品","2312-01","製革・毛皮","468.0","43074.0","1.0865022983702466"
"231_なめし革・毛皮・同製品_2312-02_かばん・袋物・その他の革製品","231","なめし革・毛皮・同製品","2312-02","かばん・袋物・その他の革製品","431.0","160749.0","0.2681198638871782"
"251_ガラス・ガラス製品","251","ガラス・ガラス製品","","","53.0","1692163.0","0.003132085975169059"
"251_ガラス・ガラス製品_2511-01_板ガラス・安全ガラス","251","ガラス・ガラス製品","2511-01","板ガラス・安全ガラス","0.0","813127.0","0.0"
"251_ガラス・ガラス製品_2511-02_ガラス繊維・同製品","251","ガラス・ガラス製品","2511-02","ガラス繊維・同製品","2.0","182258.0","0.0010973455211842553"
"251_ガラス・ガラス製品_2511-09_その他のガラス製品","251","ガラス・ガラス製品","2511-09","その他のガラス製品","51.0","696778.0","0.007319404458808975"
"252_セメント・セメント製品","252","セメント・セメント製品","","","24699.0","2303115.0","1.072417139395992"
"252_セメント・セメント製品_2521-01_セメント","252","セメント・セメント製品","2521-01","セメント","5801.0","352838.0","1.6440972911081007"
"252_セメント・セメント製品_2521-02_生コンクリート","252","セメント・セメント製品","2521-02","生コンクリート","11227.0","1016120.0","1.1048891863165768"
"252_セメント・セメント製品_2521-03_セメント製品","252","セメント・セメント製品","2521-03","セメント製品","7671.0","934157.0","0.8211681762273364"
"253_陶磁器","253","陶磁器","","","11.0","767190.0","0.001433803881698145"
"253_陶磁器_2531-01_陶磁器","253","陶磁器","2531-01","陶磁器","11.0","767190.0","0.001433803881698145"
"259_その他の窯業・土石製品","259","その他の窯業・
土石製品","","","9868.0","1677015.0","0.5884264601091821"
"259_その他の窯業・土石製品_2591-01_耐火物","259","その他の窯業・
土石製品","2591-01","耐火物","2.0","264299.0","7.567187163023697E-4"
"259_その他の窯業・土石製品_2591-09_その他の建設用土石製品","259","その他の窯業・
土石製品","2591-09","その他の建設用土石製品","18.0","168563.0","0.01067850002669625"
"259_その他の窯業・土石製品_2599-01_炭素・黒鉛製品","259","その他の窯業・
土石製品","2599-01","炭素・黒鉛製品","340.0","346163.0","0.09821962485880929"
"259_その他の窯業・土石製品_2599-02_研磨材","259","その他の窯業・
土石製品","2599-02","研磨材","517.0","217421.0","0.23778751822501046"
"259_その他の窯業・土石製品_2599-09_その他の窯業・土石製品","259","その他の窯業・
土石製品","2599-09","その他の窯業・土石製品","8991.0","680569.0","1.321100432138402"
"261_銑鉄・粗鋼","261","銑鉄・粗鋼","","","533157.0","1.1109724E7","4.799012108671646"
"261_銑鉄・粗鋼_2611-01_銑鉄","261","銑鉄・粗鋼","2611-01","銑鉄","219894.0","3878778.0","5.669156626133282"
"261_銑鉄・粗鋼_2611-02_フェロアロイ","261","銑鉄・粗鋼","2611-02","フェロアロイ","0.0","291299.0","0.0"
"261_銑鉄・粗鋼_2611-03_粗鋼（転炉）","261","銑鉄・粗鋼","2611-03","粗鋼（転炉）","278849.0","5196294.0","5.366305293734342"
"261_銑鉄・粗鋼_2611-04_粗鋼（電気炉）","261","銑鉄・粗鋼","2611-04","粗鋼（電気炉）","34414.0","1743353.0","1.974012147855311"
"262_鋼材","262","鋼材","","","520847.0","1.5398802E7","3.382386499936813"
"262_鋼材_2621-01_熱間圧延鋼材","262","鋼材","2621-01","熱間圧延鋼材","220943.0","8912147.0","2.47912203423036"
"262_鋼材_2622-01_鋼管","262","鋼材","2622-01","鋼管","215228.0","1232642.0","17.46070635269608"
"262_鋼材_2623-01_冷間仕上鋼材","262","鋼材","2623-01","冷間仕上鋼材","56521.0","3620064.0","1.561325987606849"
"262_鋼材_2623-02_めっき鋼材","262","鋼材","2623-02","めっき鋼材","28155.0","1633949.0","1.723125997200647"
"263_鋳鍛造品","263","鋳鍛造品","","","1478.0","1929258.0","0.0766097639610669"
"263_鋳鍛造品_2631-01_鋳鍛鋼","263","鋳鍛造品","2631-01","鋳鍛鋼","0.0","475942.0","0.0"
"263_鋳鍛造品_2631-02_鋳鉄管","263","鋳鍛造品","2631-02","鋳鉄管","0.0","95721.0","0.0"
"263_鋳鍛造品_2631-03_鋳鉄品及び鍛工品（鉄）","263","鋳鍛造品","2631-03","鋳鉄品及び鍛工品（鉄）","1478.0","1357595.0","0.10886899259352016"
"269_その他の鉄鋼製品","269","その他の鉄鋼製品","","","22165.0","2049432.0","1.0815191721413544"
"269_その他の鉄鋼製品_2699-01_鉄鋼シャースリット業","269","その他の鉄鋼製品","2699-01","鉄鋼シャースリット業","6517.0","1752214.0","0.3719294561052474"
"269_その他の鉄鋼製品_2699-09_その他の鉄鋼製品","269","その他の鉄鋼製品","2699-09","その他の鉄鋼製品","15648.0","297218.0","5.264822453552611"
"271_非鉄金属製錬・精製","271","非鉄金属製錬・精製","","","814.0","3119681.0","0.026092411371547285"
"271_非鉄金属製錬・精製_2711-01_銅","271","非鉄金属製錬・精製","2711-01","銅","0.0","1002710.0","0.0"
"271_非鉄金属製錬・精製_2711-02_鉛・亜鉛（再生を含む。）","271","非鉄金属製錬・精製","2711-02","鉛・亜鉛（再生を含む。）","774.0","269734.0","0.2869493649298939"
"271_非鉄金属製錬・精製_2711-03_アルミニウム（再生を含む。）","271","非鉄金属製錬・精製","2711-03","アルミニウム（再生を含む。）","40.0","582272.0","0.006869641679489998"
"271_非鉄金属製錬・精製_2711-09_その他の非鉄金属地金","271","非鉄金属製錬・精製","2711-09","その他の非鉄金属地金","0.0","1264965.0","0.0"
"272_非鉄金属加工製品","272","非鉄金属加工製品","","","42685.0","5942210.0","0.7183354341229946"
"272_非鉄金属加工製品_2721-01_電線・ケーブル","272","非鉄金属加工製品","2721-01","電線・ケーブル","11425.0","1494694.0","0.7643704999150328"
"272_非鉄金属加工製品_2721-02_光ファイバケーブル","272","非鉄金属加工製品","2721-02","光ファイバケーブル","1413.0","138299.0","1.0216993615282828"
"272_非鉄金属加工製品_2729-01_伸銅品","272","非鉄金属加工製品","2729-01","伸銅品","9033.0","818274.0","1.103908959590553"
"272_非鉄金属加工製品_2729-02_アルミ圧延製品","272","非鉄金属加工製品","2729-02","アルミ圧延製品","27.0","1070916.0","0.0025212061450197772"
"272_非鉄金属加工製品_2729-03_非鉄金属素形材","272","非鉄金属加工製品","2729-03","非鉄金属素形材","2989.0","1051071.0","0.2843766025320839"
"272_非鉄金属加工製品_2729-04_核燃料","272","非鉄金属加工製品","2729-04","核燃料","0.0","457717.0","0.0"
"272_非鉄金属加工製品_2729-09_その他の非鉄金属製品","272","非鉄金属加工製品","2729-09","その他の非鉄金属製品","17798.0","911239.0","1.9531648667363886"
"281_建設・建築用金属製品","281","建設・建築用金属製品","","","34646.0","3105433.0","1.1156576232686393"
"281_建設・建築用金属製品_2811-01_建設用金属製品","281","建設・建築用金属製品","2811-01","建設用金属製品","30847.0","1579422.0","1.9530562446261988"
"281_建設・建築用金属製品_2812-01_建築用金属製品","281","建設・建築用金属製品","2812-01","建築用金属製品","3799.0","1526011.0","0.2489497126822808"
"289_その他の金属製品","289","その他の金属製品","","","28123.0","7025827.0","0.4002802801719997"
"289_その他の金属製品_2891-01_ガス・石油機器・暖厨房機器","289","その他の金属製品","2891-01","ガス・石油機器・暖厨房機器","25.0","796026.0","0.0031406009351453343"
"289_その他の金属製品_2899-01_ボルト・ナット・リベット・スプリング","289","その他の金属製品","2899-01","ボルト・ナット・リベット・スプリング","4697.0","1139839.0","0.412075740521249"
"289_その他の金属製品_2899-02_金属製容器・製缶板金製品","289","その他の金属製品","2899-02","金属製容器・製缶板金製品","12403.0","1136290.0","1.0915347314505979"
"289_その他の金属製品_2899-03_配管工事附属品・粉末や金製品・道具類","289","その他の金属製品","2899-03","配管工事附属品・粉末や金製品・道具類","2414.0","831527.0","0.2903092743831529"
"289_その他の金属製品_2899-09_その他の金属製品","289","その他の金属製品","2899-09","その他の金属製品","8584.0","3122145.0","0.27493918443890336"
"291_はん用機械","291","はん用機械","","","230803.0","9424801.0","2.448889902290775"
"291_はん用機械_2911-01_ボイラ","291","はん用機械","2911-01","ボイラ","144.0","169645.0","0.08488313831825282"
"291_はん用機械_2911-02_タービン","291","はん用機械","2911-02","タービン","0.0","650078.0","0.0"
"291_はん用機械_2911-03_原動機","291","はん用機械","2911-03","原動機","491.0","1192044.0","0.04118975474059683"
"291_はん用機械_2912-01_ポンプ・圧縮機","291","はん用機械","2912-01","ポンプ・圧縮機","1502.0","1848703.0","0.08124614932739331"
"291_はん用機械_2913-01_運搬機械","291","はん用機械","2913-01","運搬機械","1118.0","1037792.0","0.10772871635163887"
"291_はん用機械_2914-01_冷凍機・温湿調整装置","291","はん用機械","2914-01","冷凍機・温湿調整装置","196095.0","1228342.0","15.964202152169346"
"291_はん用機械_2919-01_ベアリング","291","はん用機械","2919-01","ベアリング","12124.0","1133717.0","1.069402681621604"
"291_はん用機械_2919-09_その他のはん用機械","291","はん用機械","2919-09","その他のはん用機械","19329.0","2164480.0","0.8930089444115907"
"301_生産用機械","301","生産用機械","","","77770.0","1.4359122E7","0.5416069311201618"
"301_生産用機械_3011-01_農業用機械","301","生産用機械","3011-01","農業用機械","4211.0","745199.0","0.5650839574395564"
"301_生産用機械_3012-01_建設・鉱山機械","301","生産用機械","3012-01","建設・鉱山機械","4858.0","2781966.0","0.17462470785049133"
"301_生産用機械_3013-01_繊維機械","301","生産用機械","3013-01","繊維機械","34738.0","349119.0","9.95018890406996"
"301_生産用機械_3014-01_生活関連産業用機械","301","生産用機械","3014-01","生活関連産業用機械","15452.0","928163.0","1.664793791607724"
"301_生産用機械_3015-01_化学機械","301","生産用機械","3015-01","化学機械","3010.0","696102.0","0.43240789424538356"
"301_生産用機械_3015-02_鋳造装置・プラスチック加工機械","301","生産用機械","3015-02","鋳造装置・プラスチック加工機械","1074.0","492800.0","0.21793831168831168"
"301_生産用機械_3016-01_金属工作機械","301","生産用機械","3016-01","金属工作機械","3143.0","1862285.0","0.16877116016077023"
"301_生産用機械_3016-02_金属加工機械","301","生産用機械","3016-02","金属加工機械","5676.0","743266.0","0.7636566182228166"
"301_生産用機械_3016-03_機械工具","301","生産用機械","3016-03","機械工具","256.0","631322.0","0.040549830355983155"
"301_生産用機械_3017-01_半導体製造装置","301","生産用機械","3017-01","半導体製造装置","856.0","2174810.0","0.03935976016295677"
"301_生産用機械_3019-01_金型","301","生産用機械","3019-01","金型","2309.0","1154224.0","0.20004782433912308"
"301_生産用機械_3019-02_真空装置・真空機器","301","生産用機械","3019-02","真空装置・真空機器","569.0","285196.0","0.19951191461310816"
"301_生産用機械_3019-03_ロボット","301","生産用機械","3019-03","ロボット","92.0","538727.0","0.017077295179190946"
"301_生産用機械_3019-09_その他の生産用機械","301","生産用機械","3019-09","その他の生産用機械","1526.0","975943.0","0.15636159078962603"
"311_業務用機械","311","業務用機械","","","13514.0","6433760.0","0.21004824550496132"
"311_業務用機械_3111-01_複写機","311","業務用機械","3111-01","複写機","107.0","520140.0","0.02057138462721575"
"311_業務用機械_3111-09_その他の事務用機械","311","業務用機械","3111-09","その他の事務用機械","3684.0","537614.0","0.685250012090459"
"311_業務用機械_3112-01_サービス用機器","311","業務用機械","3112-01","サービス用機器","24.0","1771385.0","0.0013548720351589294"
"311_業務用機械_3113-01_計測機器","311","業務用機械","3113-01","計測機器","2948.0","1413371.0","0.20857934682401152"
"311_業務用機械_3114-01_医療用機械器具","311","業務用機械","3114-01","医療用機械器具","716.0","1093319.0","0.06548866341845334"
"311_業務用機械_3115-01_光学機械・レンズ","311","業務用機械","3115-01","光学機械・レンズ","6035.0","663360.0","0.9097624216111915"
"311_業務用機械_3116-01_武器","311","業務用機械","3116-01","武器","0.0","434571.0","0.0"
"321_電子デバイス","321","電子デバイス","","","131.0","6092143.0","0.0021503106542311956"
"321_電子デバイス_3211-01_電子管","321","電子デバイス","3211-01","電子管","0.0","263237.0","0.0"
"321_電子デバイス_3211-02_半導体素子","321","電子デバイス","3211-02","半導体素子","0.0","1090641.0","0.0"
"321_電子デバイス_3211-03_集積回路","321","電子デバイス","3211-03","集積回路","131.0","3231882.0","0.0040533658097665695"
"321_電子デバイス_3211-04_液晶パネル","321","電子デバイス","3211-04","液晶パネル","0.0","1506383.0","0.0"
"329_その他の電子部品","329","その他の電子部品","","","12394.0","7316238.0","0.1694040024395051"
"329_その他の電子部品_3299-01_磁気テープ・磁気ディスク","329","その他の電子部品","3299-01","磁気テープ・磁気ディスク","0.0","193646.0","0.0"
"329_その他の電子部品_3299-02_電子回路","329","その他の電子部品","3299-02","電子回路","2805.0","1655509.0","0.16943429483017006"
"329_その他の電子部品_3299-09_その他の電子部品","329","その他の電子部品","3299-09","その他の電子部品","9589.0","5467083.0","0.1753951787452285"
"331_産業用電気機器","331","産業用電気機器","","","6303.0","7181402.0","0.08776837726115318"
"331_産業用電気機器_3311-01_回転電気機械","331","産業用電気機器","3311-01","回転電気機械","204.0","1128347.0","0.01807954467907479"
"331_産業用電気機器_3311-02_変圧器・変成器","331","産業用電気機器","3311-02","変圧器・変成器","12.0","405081.0","0.0029623704888651903"
"331_産業用電気機器_3311-03_開閉制御装置・配電盤","331","産業用電気機器","3311-03","開閉制御装置・配電盤","2289.0","2339309.0","0.0978494076669649"
"331_産業用電気機器_3311-04_配線器具","331","産業用電気機器","3311-04","配線器具","36.0","448716.0","0.008022891985130908"
"331_産業用電気機器_3311-05_内燃機関電装品","331","産業用電気機器","3311-05","内燃機関電装品","3337.0","2046928.0","0.16302478641163734"
"331_産業用電気機器_3311-09_その他の産業用電気機器","331","産業用電気機器","3311-09","その他の産業用電気機器","425.0","813021.0","0.05227417249984933"
"332_民生用電気機器","332","民生用電気機器","","","3091.0","2564191.0","0.12054484240838534"
"332_民生用電気機器_3321-01_民生用エアコンディショナ","332","民生用電気機器","3321-01","民生用エアコンディショナ","0.0","1002559.0","0.0"
"332_民生用電気機器_3321-02_民生用電気機器（エアコンを除く。）","332","民生用電気機器","3321-02","民生用電気機器（エアコンを除く。）","3091.0","1561632.0","0.19793395627138785"
"333_電子応用装置・電気計測器","333","電子応用装置・電気計測器","","","1016.0","2470950.0","0.041117788704749185"
"333_電子応用装置・電気計測器_3331-01_電子応用装置","333","電子応用装置・電気計測器","3331-01","電子応用装置","246.0","1499285.0","0.016407821061372587"
"333_電子応用装置・電気計測器_3332-01_電気計測器","333","電子応用装置・電気計測器","3332-01","電気計測器","770.0","971665.0","0.07924541894583009"
"339_その他の電気機械","339","その他の電気機械","","","35352.0","2826110.0","1.2509067233759479"
"339_その他の電気機械_3399-01_電球類","339","その他の電気機械","3399-01","電球類","0.0","306584.0","0.0"
"339_その他の電気機械_3399-02_電気照明器具","339","その他の電気機械","3399-02","電気照明器具","897.0","920899.0","0.09740481855230596"
"339_その他の電気機械_3399-03_電池","339","その他の電気機械","3399-03","電池","22361.0","789656.0","2.831739390316796"
"339_その他の電気機械_3399-09_その他の電気機械器具","339","その他の電気機械","3399-09","その他の電気機械器具","12094.0","808971.0","1.4949856051700245"
"341_通信機械・同関連機器","341","通信機械・同関連機器","","","1248.0","5264533.0","0.023705806383966063"
"341_通信機械・同関連機器_3411-01_ビデオ機器・デジタルカメラ","341","通信機械・同関連機器","3411-01","ビデオ機器・デジタルカメラ","0.0","941435.0","0.0"
"341_通信機械・同関連機器_3411-02_電気音響機器","341","通信機械・同関連機器","3411-02","電気音響機器","17.0","417053.0","0.004076220528326136"
"341_通信機械・同関連機器_3411-03_ラジオ・テレビ受信機","341","通信機械・同関連機器","3411-03","ラジオ・テレビ受信機","0.0","783746.0","0.0"
"341_通信機械・同関連機器_3412-01_有線電気通信機器","341","通信機械・同関連機器","3412-01","有線電気通信機器","0.0","481840.0","0.0"
"341_通信機械・同関連機器_3412-02_携帯電話機","341","通信機械・同関連機器","3412-02","携帯電話機","0.0","844207.0","0.0"
"341_通信機械・同関連機器_3412-03_無線電気通信機器（携帯電話機を除く。）","341","通信機械・同関連機器","3412-03","無線電気通信機器（携帯電話機を除く。）","0.0","1327131.0","0.0"
"341_通信機械・同関連機器_3412-09_その他の電気通信機器","341","通信機械・同関連機器","3412-09","その他の電気通信機器","1231.0","469121.0","0.2624056480097885"
"342_電子計算機・同附属装置","342","電子計算機・同附属装置","","","200.0","2637892.0","0.007581811537394252"
"342_電子計算機・同附属装置_3421-01_パーソナルコンピュータ","342","電子計算機・同附属装置","3421-01","パーソナルコンピュータ","2.0","1080461.0","1.8510617227276136E-4"
"342_電子計算機・同附属装置_3421-02_電子計算機本体（パソコンを除く。）","342","電子計算機・同附属装置","3421-02","電子計算機本体（パソコンを除く。）","0.0","175772.0",""
"342_電子計算機・同附属装置_3421-03_電子計算機附属装置","342","電子計算機・同附属装置","3421-03","電子計算機附属装置","198.0","1381659.0","0.014330598215623392"
"351_乗用車","351","乗用車","","","0.0","1.1836393E7","0.0"
"351_乗用車_3511-01_乗用車","351","乗用車","3511-01","乗用車","0.0","1.1836393E7","0.0"
"352_その他の自動車","352","その他の自動車","","","0.0","3865898.0","0.0"
"352_その他の自動車_3521-01_トラック・バス・その他の自動車","352","その他の自動車","3521-01","トラック・バス・その他の自動車","0.0","3593198.0","0.0"
"352_その他の自動車_3522-01_二輪自動車","352","その他の自動車","3522-01","二輪自動車","0.0","272700.0","0.0"
"353_自動車部品・同附属品","353","自動車部品・同附属品","","","3762.0","2.3242056E7","0.016186175612002654"
"353_自動車部品・同附属品_3531-01_自動車用内燃機関","353","自動車部品・同附属品","3531-01","自動車用内燃機関","458.0","5307060.0","0.008630013604519263"
"353_自動車部品・同附属品_3531-02_自動車部品","353","自動車部品・同附属品","3531-02","自動車部品","3304.0","1.7934996E7","0.01842208384100002"
"354_船舶・同修理","354","船舶・同修理","","","12334.0","3245481.0","0.3800361179128764"
"354_船舶・同修理_3541-01_鋼船","354","船舶・同修理","3541-01","鋼船","5891.0","2141734.0","0.27505750013773883"
"354_船舶・同修理_3541-02_その他の船舶","354","船舶・同修理","3541-02","その他の船舶","102.0","25063.0","0.40697442445038506"
"354_船舶・同修理_3541-03_舶用内燃機関","354","船舶・同修理","3541-03","舶用内燃機関","80.0","860737.0","0.009294360530568571"
"354_船舶・同修理_3541-10_船舶修理","354","船舶・同修理","3541-10","船舶修理","6261.0","217947.0","2.8727167614144724"
"359_その他の輸送機械・同修理","359","その他の輸送機械・同修理","","","1550.0","3381674.0","0.045835287493708736"
"359_その他の輸送機械・同修理_3591-01_鉄道車両","359","その他の輸送機械・同修理","3591-01","鉄道車両","162.0","552033.0","0.02934607170223519"
"359_その他の輸送機械・同修理_3591-10_鉄道車両修理","359","その他の輸送機械・同修理","3591-10","鉄道車両修理","1174.0","398735.0","0.29443113847542857"
"359_その他の輸送機械・同修理_3592-01_航空機","359","その他の輸送機械・同修理","3592-01","航空機","0.0","923351.0","0.0"
"359_その他の輸送機械・同修理_3592-10_航空機修理","359","その他の輸送機械・同修理","3592-10","航空機修理","0.0","381675.0","0.0"
"359_その他の輸送機械・同修理_3599-01_自転車","359","その他の輸送機械・同修理","3599-01","自転車","28.0","230847.0","0.012129245777506313"
"359_その他の輸送機械・同修理_3599-09_その他の輸送機械","359","その他の輸送機械・同修理","3599-09","その他の輸送機械","186.0","895033.0","0.020781356665061514"
"391_その他の製造工業製品","391","その他の製造工業製品","","","19578.0","3327205.0","0.5884218135041274"
"391_その他の製造工業製品_3911-01_がん具","391","その他の製造工業製品","3911-01","がん具","1260.0","172283.0","0.7313548057556463"
"391_その他の製造工業製品_3911-02_運動用品","391","その他の製造工業製品","3911-02","運動用品","1509.0","320723.0","0.4704994652706541"
"391_その他の製造工業製品_3919-01_身辺細貨品","391","その他の製造工業製品","3919-01","身辺細貨品","1690.0","293774.0","0.5752721479776971"
"391_その他の製造工業製品_3919-02_時計","391","その他の製造工業製品","3919-02","時計","0.0","220048.0","0.0"
"391_その他の製造工業製品_3919-03_楽器","391","その他の製造工業製品","3919-03","楽器","0.0","119926.0","0.0"
"391_その他の製造工業製品_3919-04_筆記具・文具","391","その他の製造工業製品","3919-04","筆記具・文具","9.0","252442.0","0.0035651753670149972"
"391_その他の製造工業製品_3919-05_畳・わら加工品","391","その他の製造工業製品","3919-05","畳・わら加工品","734.0","78736.0","0.9322292217029059"
"391_その他の製造工業製品_3919-06_情報記録物","391","その他の製造工業製品","3919-06","情報記録物","52.0","112953.0","0.04603684718422707"
"391_その他の製造工業製品_3919-09_その他の製造工業製品","391","その他の製造工業製品","3919-09","その他の製造工業製品","14324.0","1756320.0","0.8155689168260909"
"392_再生資源回収・加工処理","392","再生資源回収・
加工処理","","","15810.0","1183089.0","1.3363322624079845"
"392_再生資源回収・加工処理_3921-01_再生資源回収・加工処理","392","再生資源回収・
加工処理","3921-01","再生資源回収・加工処理","15810.0","1183089.0","1.3363322624079845"
"411_建築","411","建築","","","179817.0","2.3663473E7","0.7598926835464938"
"411_建築_4111-01_住宅建築（木造）","411","建築","4111-01","住宅建築（木造）","61754.0","8376736.0","0.7372083828355102"
"411_建築_4111-02_住宅建築（非木造）","411","建築","4111-02","住宅建築（非木造）","28013.0","6150469.0","0.455461201414071"
"411_建築_4112-01_非住宅建築（木造）","411","建築","4112-01","非住宅建築（木造）","6225.0","544303.0","1.1436644662991018"
"411_建築_4112-02_非住宅建築（非木造）","411","建築","4112-02","非住宅建築（非木造）","83825.0","8591965.0","0.9756208271332577"
"412_建設補修","412","建設補修","","","43499.0","9773227.0","0.44508328722948926"
"412_建設補修_4121-01_建設補修","412","建設補修","4121-01","建設補修","43499.0","9773227.0","0.44508328722948926"
"413_公共事業","413","公共事業","","","142432.0","1.1873074E7","1.1996219344712244"
"413_公共事業_4131-01_道路関係公共事業","413","公共事業","4131-01","道路関係公共事業","97317.0","6311938.0","1.541792710891647"
"413_公共事業_4131-02_河川・下水道・その他の公共事業","413","公共事業","4131-02","河川・下水道・その他の公共事業","36392.0","4613360.0","0.7888393708706886"
"413_公共事業_4131-03_農林関係公共事業","413","公共事業","4131-03","農林関係公共事業","8723.0","947776.0","0.9203651495712067"
"419_その他の土木建設","419","その他の土木建設","","","52937.0","7204711.0","0.734755356599314"
"419_その他の土木建設_4191-01_鉄道軌道建設","419","その他の土木建設","4191-01","鉄道軌道建設","7525.0","1505644.0","0.4997861380246592"
"419_その他の土木建設_4191-02_電力施設建設","419","その他の土木建設","4191-02","電力施設建設","5800.0","879306.0","0.6596111023921137"
"419_その他の土木建設_4191-03_電気通信施設建設","419","その他の土木建設","4191-03","電気通信施設建設","1521.0","224038.0","0.6789026861514564"
"419_その他の土木建設_4191-09_その他の土木建設","419","その他の土木建設","4191-09","その他の土木建設","38091.0","4595723.0","0.8288358545543323"
"461_電力","461","電力","","","176299.0","1.7200654E7","1.0249552139122151"
"461_電力_4611-01_事業用原子力発電","461","電力","4611-01","事業用原子力発電","0.0","2790998.0","0.0"
"461_電力_4611-02_事業用火力発電","461","電力","4611-02","事業用火力発電","164995.0","1.1319981E7","1.457555449960561"
"461_電力_4611-03_水力・その他の事業用発電","461","電力","4611-03","水力・その他の事業用発電","5245.0","917836.0","0.5714528521435203"
"461_電力_4611-04_自家発電","461","電力","4611-04","自家発電","6059.0","2171839.0","0.27898016381508944"
"462_ガス・熱供給","462","ガス・熱供給","","","23005.0","3986624.0","0.5770546708192195"
"462_ガス・熱供給_4621-01_都市ガス","462","ガス・熱供給","4621-01","都市ガス","22751.0","3839166.0","0.5926026642244696"
"462_ガス・熱供給_4622-01_熱供給業","462","ガス・熱供給","4622-01","熱供給業","254.0","147458.0","0.17225243798234074"
"471_水道","471","水道","","","40042.0","4567395.0","0.8766922939662543"
"471_水道_4711-01_上水道・簡易水道","471","水道","4711-01","上水道・簡易水道","19484.0","2903395.0","0.6710764467115221"
"471_水道_4711-02_工業用水","471","水道","4711-02","工業用水","2742.0","130245.0","2.1052631578947367"
"471_水道_4711-03_下水道★★","471","水道","4711-03","下水道★★","17816.0","1533755.0","1.1615936052368208"
"481_廃棄物処理","481","廃棄物処理","","","25136.0","3765124.0","0.6676008545800882"
"481_廃棄物処理_4811-01_廃棄物処理（公営）★★","481","廃棄物処理","4811-01","廃棄物処理（公営）★★","9769.0","922375.0","1.0591137010435019"
"481_廃棄物処理_4811-02_廃棄物処理（産業）","481","廃棄物処理","4811-02","廃棄物処理（産業）","15367.0","2842749.0","0.5405683020203331"
"511_商業","511","商業","","","487564.0","9.3655813E7","0.5205912846007754"
"511_商業_5111-01_卸売","511","商業","5111-01","卸売","197901.0","5.5509306E7","0.35651859888142"
"511_商業_5112-01_小売","511","商業","5112-01","小売","289663.0","3.8146507E7","0.7593434439488784"
"531_金融・保険","531","金融・保険","","","207021.0","3.2093913E7","0.6450475515403808"
"531_金融・保険_5311-01_金融","531","金融・保険","5311-01","金融","116865.0","2.1289109E7","0.5489426541993843"
"531_金融・保険_5312-01_生命保険","531","金融・保険","5312-01","生命保険","85026.0","8797918.0","0.96643319476267"
"531_金融・保険_5312-02_損害保険","531","金融・保険","5312-02","損害保険","5130.0","2006886.0","0.25561990068195206"
"551_不動産仲介及び賃貸","551","不動産仲介及び賃貸","","","57764.0","1.2276045E7","0.4705424263270459"
"551_不動産仲介及び賃貸_5511-01_不動産仲介・管理業","551","不動産仲介及び賃貸","5511-01","不動産仲介・管理業","11497.0","3508735.0","0.3276679487051601"
"551_不動産仲介及び賃貸_5511-02_不動産賃貸業","551","不動産仲介及び賃貸","5511-02","不動産賃貸業","46267.0","8767310.0","0.527721729926283"
"552_住宅賃貸料","552","住宅賃貸料","","","99798.0","1.247198E7","0.8001776782836405"
"552_住宅賃貸料_5521-01_住宅賃貸料","552","住宅賃貸料","5521-01","住宅賃貸料","99798.0","1.247198E7","0.8001776782836405"
"553_住宅賃貸料（帰属家賃）","553","住宅賃貸料（帰属家賃）","","","296086.0","4.6439508E7","0.6375735074540411"
"553_住宅賃貸料（帰属家賃）_5531-01_住宅賃貸料（帰属家賃）","553","住宅賃貸料（帰属家賃）","5531-01","住宅賃貸料（帰属家賃）","296086.0","4.6439508E7","0.6375735074540411"
"571_鉄道輸送","571","鉄道輸送","","","15640.0","6330684.0","0.24705071363536704"
"571_鉄道輸送_5711-01_鉄道旅客輸送","571","鉄道輸送","5711-01","鉄道旅客輸送","15139.0","6209492.0","0.24380416304586588"
"571_鉄道輸送_5712-01_鉄道貨物輸送","571","鉄道輸送","5712-01","鉄道貨物輸送","501.0","121192.0","0.4133936233414747"
"572_道路輸送（自家輸送を除く。）","572","道路輸送（自家輸送を除く。）","","","90186.0","1.5449088E7","0.5837626143368463"
"572_道路輸送（自家輸送を除く。）_5721-01_バス","572","道路輸送（自家輸送を除く。）","5721-01","バス","7620.0","1471724.0","0.5177601235014173"
"572_道路輸送（自家輸送を除く。）_5721-02_ハイヤー・タクシー","572","道路輸送（自家輸送を除く。）","5721-02","ハイヤー・タクシー","6695.0","1884330.0","0.3552987003338057"
"572_道路輸送（自家輸送を除く。）_5722-01_道路貨物輸送（自家輸送を除く。）","572","道路輸送（自家輸送を除く。）","5722-01","道路貨物輸送（自家輸送を除く。）","75871.0","1.2093034E7","0.6273942502766469"
"573_自家輸送","573","自家輸送","","","74575.0","8932667.0","0.8348570477327767"
"573_自家輸送_5731-01P_自家輸送（旅客自動車）","573","自家輸送","5731-01P","自家輸送（旅客自動車）","49592.0","5663199.0","0.8756888112178294"
"573_自家輸送_5732-01P_自家輸送（貨物自動車）","573","自家輸送","5732-01P","自家輸送（貨物自動車）","24983.0","3269468.0","0.764130433452782"
"574_水運","574","水運","","","64828.0","5195770.0","1.2477072695673597"
"574_水運_5741-01_外洋輸送","574","水運","5741-01","外洋輸送","30951.0","2969166.0","1.0424139303764088"
"574_水運_5742-01_沿海・内水面輸送","574","水運","5742-01","沿海・内水面輸送","12187.0","802335.0","1.5189415892364162"
"574_水運_5743-01_港湾運送","574","水運","5743-01","港湾運送","21690.0","1424269.0","1.5228864772033934"
"575_航空輸送","575","航空輸送","","","1348.0","2468276.0","0.05461301734489984"
"575_航空輸送_5751-01_航空輸送","575","航空輸送","5751-01","航空輸送","1348.0","2468276.0","0.05461301734489984"
"576_貨物利用運送","576","貨物利用運送","","","2099.0","681964.0","0.3077875078449889"
"576_貨物利用運送_5761-01_貨物利用運送","576","貨物利用運送","5761-01","貨物利用運送","2099.0","681964.0","0.3077875078449889"
"577_倉庫","577","倉庫","","","11445.0","1766981.0","0.647714944303306"
"577_倉庫_5771-01_倉庫","577","倉庫","5771-01","倉庫","11445.0","1766981.0","0.647714944303306"
"578_運輸附帯サービス","578","運輸附帯サービス","","","32251.0","6003565.0","0.5371974818295463"
"578_運輸附帯サービス_5781-01_こん包","578","運輸附帯サービス","5781-01","こん包","2336.0","911568.0","0.2562617380162533"
"578_運輸附帯サービス_5789-01_道路輸送施設提供","578","運輸附帯サービス","5789-01","道路輸送施設提供","21730.0","3080414.0","0.7054246604514848"
"578_運輸附帯サービス_5789-02_水運施設管理★★","578","運輸附帯サービス","5789-02","水運施設管理★★","1342.0","107603.0","1.2471771233144058"
"578_運輸附帯サービス_5789-03_水運附帯サービス","578","運輸附帯サービス","5789-03","水運附帯サービス","993.0","73074.0","1.3588964611216028"
"578_運輸附帯サービス_5789-04_航空施設管理（国公営）★★","578","運輸附帯サービス","5789-04","航空施設管理（国公営）★★","216.0","143207.0","0.15083061582185228"
"578_運輸附帯サービス_5789-05_航空施設管理（産業）","578","運輸附帯サービス","5789-05","航空施設管理（産業）","0.0","64905.0","0.0"
"578_運輸附帯サービス_5789-06_航空附帯サービス","578","運輸附帯サービス","5789-06","航空附帯サービス","660.0","437724.0","0.15077994352605753"
"578_運輸附帯サービス_5789-09_旅行・その他の運輸附帯サービス","578","運輸附帯サービス","5789-09","旅行・その他の運輸附帯サービス","4974.0","1185070.0","0.4197220417359312"
"579_郵便・信書便","579","郵便・信書便","","","6978.0","1405039.0","0.49664101850553616"
"579_郵便・信書便_5791-01_郵便・信書便","579","郵便・信書便","5791-01","郵便・信書便","6978.0","1405039.0","0.49664101850553616"
"591_通信","591","通信","","","123884.0","1.7668514E7","0.701156871483363"
"591_通信_5911-01_固定電気通信","591","通信","5911-01","固定電気通信","45483.0","7573409.0","0.6005617813589627"
"591_通信_5911-02_移動電気通信","591","通信","5911-02","移動電気通信","72186.0","9158162.0","0.7882149278425081"
"591_通信_5911-09_その他の電気通信","591","通信","5911-09","その他の電気通信","5654.0","803929.0","0.7032959378253552"
"591_通信_5919-09_その他の通信サービス","591","通信","5919-09","その他の通信サービス","561.0","133014.0","0.42176011547656633"
"592_放送","592","放送","","","11942.0","3560823.0","0.33537190700015135"
"592_放送_5921-01_公共放送","592","放送","5921-01","公共放送","6338.0","681983.0","0.929348678779383"
"592_放送_5921-02_民間放送","592","放送","5921-02","民間放送","2870.0","2177843.0","0.13178176755624715"
"592_放送_5921-03_有線放送","592","放送","5921-03","有線放送","2734.0","700997.0","0.39001593444765104"
"593_情報サービス","593","情報サービス","","","12793.0","1.6845219E7","0.07594439704227057"
"593_情報サービス_5931-01_情報サービス","593","情報サービス","5931-01","情報サービス","12793.0","1.6845219E7","0.07594439704227057"
"594_インターネット附随サービス","594","インターネット附随サー
ビス","","","3059.0","1904161.0","0.16064818048473842"
"594_インターネット附随サービス_5941-01_インターネット附随サービス","594","インターネット附随サー
ビス","5941-01","インターネット附随サービス","3059.0","1904161.0","0.16064818048473842"
"595_映像・音声・文字情報制作","595","映像・音声・文字情報制作","","","10431.0","6181540.0","0.16874435820200145"
"595_映像・音声・文字情報制作_5951-01_映像・音声・文字情報制作業","595","映像・音声・文字情報制作","5951-01","映像・音声・文字情報制作業","6019.0","2890743.0","0.20821636513519187"
"595_映像・音声・文字情報制作_5951-02_新聞","595","映像・音声・文字情報制作","5951-02","新聞","1943.0","1493805.0","0.13007052459993104"
"595_映像・音声・文字情報制作_5951-03_出版","595","映像・音声・文字情報制作","5951-03","出版","2469.0","1796992.0","0.13739627110193034"
"611_公務","611","公務","","","252149.0","3.9405194E7","0.6398877264758549"
"611_公務_6111-01_公務（中央）★★","611","公務","6111-01","公務（中央）★★","56701.0","1.2507444E7","0.4533380281374836"
"611_公務_6112-01_公務（地方）★★","611","公務","6112-01","公務（地方）★★","195448.0","2.689775E7","0.7266332685819445"
"631_教育","631","教育","","","161002.0","2.2711288E7","0.7089073944199026"
"631_教育_6311-01_学校教育（国公立）★★","631","教育","6311-01","学校教育（国公立）★★","123015.0","1.3974332E7","0.8802925248949288"
"631_教育_6311-02_学校教育（私立）★","631","教育","6311-02","学校教育（私立）★","19123.0","6016859.0","0.3178236352222979"
"631_教育_6312-01_社会教育（国公立）★★","631","教育","6312-01","社会教育（国公立）★★","6975.0","820614.0","0.8499733126658819"
"631_教育_6312-02_社会教育（非営利）★","631","教育","6312-02","社会教育（非営利）★","4080.0","379144.0","1.0761082860338025"
"631_教育_6312-03_その他の教育訓練機関（国公立）★★","631","教育","6312-03","その他の教育訓練機関（国公立）★★","1314.0","385144.0","0.341171094447791"
"631_教育_6312-04_その他の教育訓練機関（産業）","631","教育","6312-04","その他の教育訓練機関（産業）","6495.0","1135195.0","0.5721483974118984"
"632_研究","632","研究","","","79669.0","1.2125816E7","0.6570197007772508"
"632_研究_6321-01_自然科学研究機関（国公立）★★","632","研究","6321-01","自然科学研究機関（国公立）★★","15798.0","1349220.0","1.170898741495086"
"632_研究_6321-02_人文科学研究機関（国公立）★★","632","研究","6321-02","人文科学研究機関（国公立）★★","93.0","57329.0","0.16222156325768808"
"632_研究_6321-03_自然科学研究機関（非営利）★","632","研究","6321-03","自然科学研究機関（非営利）★","579.0","199391.0","0.290384219949747"
"632_研究_6321-04_人文科学研究機関（非営利）★","632","研究","6321-04","人文科学研究機関（非営利）★","90.0","24421.0","0.3685352770156832"
"632_研究_6321-05_自然科学研究機関（産業）","632","研究","6321-05","自然科学研究機関（産業）","775.0","638685.0","0.121343072093442"
"632_研究_6321-06_人文科学研究機関（産業）","632","研究","6321-06","人文科学研究機関（産業）","0.0","6811.0","0.0"
"632_研究_6322-01_企業内研究開発","632","研究","6322-01","企業内研究開発","62334.0","9849959.0","0.6328351214456832"
"641_医療","641","医療","","","316393.0","4.276816E7","0.7397863270245902"
"641_医療_6411-01_医療（入院診療）","641","医療","6411-01","医療（入院診療）","119031.0","1.5839226E7","0.7514950541143867"
"641_医療_6411-02_医療（入院外診療）","641","医療","6411-02","医療（入院外診療）","127144.0","1.4835646E7","0.8570169441896902"
"641_医療_6411-03_医療（歯科診療）","641","医療","6411-03","医療（歯科診療）","20775.0","3199963.0","0.6492262566785928"
"641_医療_6411-04_医療（調剤）","641","医療","6411-04","医療（調剤）","34354.0","6677543.0","0.5144706668305992"
"641_医療_6411-05_医療（その他の医療サービス）","641","医療","6411-05","医療（その他の医療サービス）","15089.0","2215782.0","0.6809785439181292"
"642_保健衛生","642","保健衛生","","","8919.0","1421565.0","0.6274071182112672"
"642_保健衛生_6421-01_保健衛生（国公立）★★","642","保健衛生","6421-01","保健衛生（国公立）★★","5869.0","619166.0","0.9478879654244581"
"642_保健衛生_6421-02_保健衛生（産業）","642","保健衛生","6421-02","保健衛生（産業）","3050.0","802399.0","0.3801101447035702"
"643_社会保険・社会福祉","643","社会保険・社会福祉","","","72368.0","7847093.0","0.9222268679624416"
"643_社会保険・社会福祉_6431-01_社会保険事業★★","643","社会保険・社会福祉","6431-01","社会保険事業★★","18746.0","1976957.0","0.9482249740383832"
"643_社会保険・社会福祉_6431-02_社会福祉（国公立）★★","643","社会保険・社会福祉","6431-02","社会福祉（国公立）★★","26280.0","1928978.0","1.3623794568937542"
"643_社会保険・社会福祉_6431-03_社会福祉（非営利）★","643","社会保険・社会福祉","6431-03","社会福祉（非営利）★","24860.0","3151020.0","0.7889508793977823"
"643_社会保険・社会福祉_6431-04_社会福祉（産業）","643","社会保険・社会福祉","6431-04","社会福祉（産業）","2482.0","790138.0","0.3141223431856207"
"644_介護","644","介護","","","91212.0","8238273.0","1.107173797226676"
"644_介護_6441-01_介護（施設サービス）","644","介護","6441-01","介護（施設サービス）","34585.0","3376947.0","1.0241499200313182"
"644_介護_6441-02_介護（施設サービスを除く。）","644","介護","6441-02","介護（施設サービスを除く。）","56627.0","4861326.0","1.1648467928297752"
"659_その他の非営利団体サービス","659","その他の非営利団体サー
ビス","","","62081.0","5165598.0","1.2018163240732245"
"659_その他の非営利団体サービス_6599-01_対企業民間非営利団体","659","その他の非営利団体サー
ビス","6599-01","対企業民間非営利団体","14996.0","1143088.0","1.3118849992301556"
"659_その他の非営利団体サービス_6599-02_対家計民間非営利団体（別掲を除く。）★","659","その他の非営利団体サー
ビス","6599-02","対家計民間非営利団体（別掲を除く。）★","47085.0","4022510.0","1.1705377985387233"
"661_物品賃貸サービス","661","物品賃貸サービス","","","24841.0","9788494.0","0.2537775473939096"
"661_物品賃貸サービス_6611-01_物品賃貸業（貸自動車を除く。）","661","物品賃貸サービス","6611-01","物品賃貸業（貸自動車を除く。）","18014.0","8385103.0","0.21483337771760228"
"661_物品賃貸サービス_6612-01_貸自動車業","661","物品賃貸サービス","6612-01","貸自動車業","6827.0","1403391.0","0.4864645704582686"
"662_広告","662","広告","","","4481.0","6078026.0","0.07372459413631992"
"662_広告_6621-01_広告","662","広告","6621-01","広告","4481.0","6078026.0","0.07372459413631992"
"663_自動車整備・機械修理","663","自動車整備・機械修理","","","73796.0","1.2588872E7","0.5862002568617743"
"663_自動車整備・機械修理_6631-10_自動車整備","663","自動車整備・機械修理","6631-10","自動車整備","40440.0","5935874.0","0.6812813075210155"
"663_自動車整備・機械修理_6632-10_機械修理","663","自動車整備・機械修理","6632-10","機械修理","33356.0","6652998.0","0.5013679547175574"
"669_その他の対事業所サービス","669","その他の対事業所サービス","","","98467.0","3.77058E7","0.26114550016177884"
"669_その他の対事業所サービス_6699-01_法務・財務・会計サービス","669","その他の対事業所サービス","6699-01","法務・財務・会計サービス","9493.0","2490133.0","0.38122461731963714"
"669_その他の対事業所サービス_6699-02_土木建築サービス","669","その他の対事業所サービス","6699-02","土木建築サービス","13883.0","3709720.0","0.3742330957592487"
"669_その他の対事業所サービス_6699-03_労働者派遣サービス","669","その他の対事業所サービス","6699-03","労働者派遣サービス","8586.0","5275112.0","0.16276431666285002"
"669_その他の対事業所サービス_6699-04_建物サービス","669","その他の対事業所サービス","6699-04","建物サービス","18897.0","6458642.0","0.2925847260151592"
"669_その他の対事業所サービス_6699-05_警備業","669","その他の対事業所サービス","6699-05","警備業","10691.0","1828770.0","0.5846005785309252"
"669_その他の対事業所サービス_6699-09_その他の対事業所サービス","669","その他の対事業所サービス","6699-09","その他の対事業所サービス","36917.0","1.7943423E7","0.20574112308448617"
"671_宿泊業","671","宿泊業","","","45637.0","4581515.0","0.9961115482542348"
"671_宿泊業_6711-01_宿泊業","671","宿泊業","6711-01","宿泊業","45637.0","4581515.0","0.9961115482542348"
"672_飲食サービス","672","飲食サービス","","","132098.0","2.5256354E7","0.5230287792133417"
"672_飲食サービス_6721-01_飲食サービス","672","飲食サービス","6721-01","飲食サービス","132098.0","2.5256354E7","0.5230287792133417"
"673_洗濯・理容・美容・浴場業","673","洗濯・理容・美容・浴場業","","","29130.0","5851143.0","0.49785144543553284"
"673_洗濯・理容・美容・浴場業_6731-01_洗濯業","673","洗濯・理容・美容・浴場業","6731-01","洗濯業","9655.0","1934826.0","0.4990112806009429"
"673_洗濯・理容・美容・浴場業_6731-02_理容業","673","洗濯・理容・美容・浴場業","6731-02","理容業","4210.0","650740.0","0.6469557734271751"
"673_洗濯・理容・美容・浴場業_6731-03_美容業","673","洗濯・理容・美容・浴場業","6731-03","美容業","12185.0","2118620.0","0.5751385335737413"
"673_洗濯・理容・美容・浴場業_6731-04_浴場業","673","洗濯・理容・美容・浴場業","6731-04","浴場業","1281.0","402327.0","0.31839772125658977"
"673_洗濯・理容・美容・浴場業_6731-09_その他の洗濯・理容・美容・浴場業","673","洗濯・理容・美容・浴場業","6731-09","その他の洗濯・理容・美容・浴場業","1799.0","744630.0","0.24159649758940682"
"674_娯楽サービス","674","娯楽サービス","","","56840.0","8938261.0","0.6359178815655528"
"674_娯楽サービス_6741-01_映画館","674","娯楽サービス","6741-01","映画館","1094.0","181197.0","0.6037627554540086"
"674_娯楽サービス_6741-02_興行場（映画館を除く。）・興行団","674","娯楽サービス","6741-02","興行場（映画館を除く。）・興行団","505.0","842429.0","0.05994570462317893"
"674_娯楽サービス_6741-03_競輪・競馬等の競走場・競技団","674","娯楽サービス","6741-03","競輪・競馬等の競走場・競技団","4385.0","1096587.0","0.3998770731369239"
"674_娯楽サービス_6741-04_スポーツ施設提供業・公園・遊園地","674","娯楽サービス","6741-04","スポーツ施設提供業・公園・遊園地","19722.0","2192462.0","0.8995366852424352"
"674_娯楽サービス_6741-05_遊戯場","674","娯楽サービス","6741-05","遊戯場","26585.0","4035499.0","0.6587785054586806"
"674_娯楽サービス_6741-09_その他の娯楽","674","娯楽サービス","6741-09","その他の娯楽","4549.0","590087.0","0.7709032735850816"
"679_その他の対個人サービス","679","その他の対個人サービス","","","40872.0","8126849.0","0.502925549619539"
"679_その他の対個人サービス_6799-01_写真業","679","その他の対個人サービス","6799-01","写真業","957.0","308945.0","0.309763873828675"
"679_その他の対個人サービス_6799-02_冠婚葬祭業","679","その他の対個人サービス","6799-02","冠婚葬祭業","22023.0","2972540.0","0.7408815356563746"
"679_その他の対個人サービス_6799-03_個人教授業","679","その他の対個人サービス","6799-03","個人教授業","13057.0","2772475.0","0.47095104554594724"
"679_その他の対個人サービス_6799-04_各種修理業（別掲を除く。）","679","その他の対個人サービス","6799-04","各種修理業（別掲を除く。）","871.0","222561.0","0.3913533817694924"
"679_その他の対個人サービス_6799-09_その他の対個人サービス","679","その他の対個人サービス","6799-09","その他の対個人サービス","3964.0","1850328.0","0.21423228746470896"
"681_事務用品","681","事務用品","","","8931.0","1325036.0","0.6740194228685107"
"681_事務用品_6811-00P_事務用品","681","事務用品","6811-00P","事務用品","8931.0","1325036.0","0.6740194228685107"
"691_分類不明","691","分類不明","","","52086.0","5010275.0","1.039583655587767"
"691_分類不明_6911-00_分類不明","691","分類不明","6911-00","分類不明","52086.0","5010275.0","1.039583655587767"
"970_県内生産額（国内生産額）_9700-00_県内生産額（国内生産額）","970","県内生産額（国内生産額）","9700-00","県内生産額（国内生産額）","7319939.0","9.39674856E8","0.7789863646197213"
